"id","sensor","location","value1","value2","value3","reading_time"
"1","BME280","Home","27.11","76.38","1008.60","2023-01-30 16:00:47"
"2","BME280","Home","27.97","73.55","1008.54","2023-01-30 16:03:15"
"3","BME280","Home","28.55","71.08","1008.62","2023-01-30 16:05:38"
"4","BME280","Home","28.80","70.92","1008.67","2023-01-30 16:05:39"
"5","BME280","Home","28.65","71.01","1008.63","2023-01-30 16:06:12"
"6","BME280","Home","28.60","71.45","1008.67","2023-01-30 16:06:29"
"7","BME280","Home","29.07","69.45","1008.63","2023-01-30 16:08:59"
"8","BME280","Home","30.12","65.93","1008.80","2023-01-30 16:42:15"
"9","BME280","Home","27.45","74.63","1008.86","2023-01-30 16:50:22"
"10","BME280","Home","27.74","74.66","1008.90","2023-01-30 16:50:26"
"11","BME280","Home","28.07","75.77","1008.91","2023-01-30 16:51:01"
"12","BME280","Home","27.82","74.56","1008.89","2023-01-30 16:51:14"
"13","BME280","Home","28.07","74.39","1008.90","2023-01-30 16:51:15"
"14","BME280","Home","28.21","73.86","1008.89","2023-01-30 16:51:48"
"15","BME280","Home","28.68","70.17","1008.86","2023-01-30 16:56:02"
"16","BME280","Home","29.01","68.19","1009.21","2023-01-30 17:26:04"
"17","BME280","Home","28.59","70.68","1009.55","2023-01-30 17:56:04"
"18","BME280","Home","28.47","71.09","1009.93","2023-01-30 18:26:04"
"19","BME280","Home","28.38","73.61","1010.56","2023-01-30 18:56:05"
"20","BME280","Home","28.17","74.80","1010.81","2023-01-30 19:26:05"
"21","BME280","Home","28.20","75.13","1011.24","2023-01-30 19:56:06"
"22","BME280","Home","27.95","75.48","1011.38","2023-01-30 20:26:06"
"23","BME280","Home","28.05","75.31","1011.79","2023-01-30 20:56:07"
"24","BME280","Home","27.71","77.24","1011.94","2023-01-30 21:26:07"
"25","BME280","Home","27.76","75.61","1011.92","2023-01-30 21:56:08"
"26","BME280","Home","27.59","77.41","1011.64","2023-01-30 22:26:08"
"27","BME280","Home","27.24","77.94","1011.37","2023-01-30 22:56:09"
"28","BME280","Home","27.86","76.08","1011.25","2023-01-30 23:26:09"
"29","BME280","Home","27.38","78.25","1010.73","2023-01-30 23:56:10"
"30","BME280","Home","26.96","79.40","1010.43","2023-01-31 00:26:11"
"31","BME280","Home","27.26","78.95","1010.29","2023-01-31 00:56:11"
"32","BME280","Home","27.39","78.11","1009.99","2023-01-31 01:26:12"
"33","BME280","Home","26.93","79.01","1009.61","2023-01-31 01:56:12"
"34","BME280","Home","27.04","78.39","1009.18","2023-01-31 02:26:13"
"35","BME280","Home","27.08","78.75","1008.96","2023-01-31 02:56:13"
"36","BME280","Home","26.94","79.22","1008.78","2023-01-31 03:26:14"
"37","BME280","Home","27.01","79.11","1008.73","2023-01-31 03:56:15"
"38","BME280","Home","26.62","80.74","1008.76","2023-01-31 04:26:15"
"39","BME280","Home","26.70","80.65","1008.97","2023-01-31 04:56:15"
"40","BME280","Home","26.36","82.37","1008.98","2023-01-31 05:26:16"
"41","BME280","Home","26.39","82.66","1009.40","2023-01-31 05:56:16"
"42","BME280","Home","26.20","83.67","1009.71","2023-01-31 06:26:17"
"43","BME280","Home","26.42","83.01","1010.35","2023-01-31 06:56:17"
"44","BME280","Home","26.87","81.12","1010.84","2023-01-31 07:26:18"
"45","BME280","Home","27.49","78.45","1011.51","2023-01-31 07:56:19"
"46","BME280","Home","28.68","74.11","1011.79","2023-01-31 08:26:19"
"47","BME280","Home","29.08","72.76","1012.14","2023-01-31 08:56:20"
"48","BME280","Home","29.85","70.81","1012.28","2023-01-31 09:26:20"
"49","BME280","Home","30.50","67.56","1012.35","2023-01-31 09:56:21"
"50","BME280","Home","30.61","66.33","1012.08","2023-01-31 10:26:21"
"51","BME280","Home","30.52","65.44","1011.62","2023-01-31 10:56:21"
"52","BME280","Home","31.70","59.82","1011.21","2023-01-31 11:26:21"
"53","BME280","Home","31.89","54.27","1011.03","2023-01-31 11:56:22"
"54","BME280","Home","32.37","53.34","1010.45","2023-01-31 12:26:23"
"55","BME280","Home","32.45","54.29","1009.81","2023-01-31 12:56:24"
"56","BME280","Home","31.97","56.25","1009.16","2023-01-31 13:26:24"
"57","BME280","Home","31.83","57.72","1008.31","2023-01-31 13:56:25"
"58","BME280","Home","32.39","51.71","1008.25","2023-01-31 14:26:25"
"59","BME280","Home","31.06","57.51","1008.15","2023-01-31 14:56:26"
"60","BME280","Home","30.55","59.99","1007.97","2023-01-31 15:26:27"
"61","BME280","Home","31.19","57.80","1007.69","2023-01-31 15:56:27"
"62","BME280","Home","30.83","58.78","1007.69","2023-01-31 16:26:28"
"63","BME280","Home","29.70","61.92","1008.27","2023-01-31 16:56:28"
"64","BME280","Home","28.97","65.59","1008.32","2023-01-31 17:26:29"
"65","BME280","Home","28.69","66.44","1008.68","2023-01-31 17:56:29"
"66","BME280","Home","28.60","70.10","1008.84","2023-01-31 18:26:30"
"67","BME280","Home","28.42","73.26","1009.20","2023-01-31 18:56:31"
"68","BME280","Home","28.26","73.87","1009.45","2023-01-31 19:26:31"
"69","BME280","Home","28.08","73.93","1009.73","2023-01-31 19:56:31"
"70","BME280","Home","27.89","75.27","1010.06","2023-01-31 20:26:32"
"71","BME280","Home","27.64","77.08","1010.02","2023-01-31 20:56:32"
"72","BME280","Home","27.59","78.42","1010.49","2023-01-31 21:26:33"
"73","BME280","Home","27.71","78.41","1010.50","2023-01-31 21:56:33"
"74","BME280","Home","27.54","79.30","1010.31","2023-01-31 22:26:34"
"75","BME280","Home","27.57","79.61","1010.17","2023-01-31 22:56:35"
"76","BME280","Home","27.29","80.15","1009.94","2023-01-31 23:26:35"
"77","BME280","Home","27.65","78.17","1009.79","2023-01-31 23:56:36"
"78","BME280","Home","27.23","80.13","1009.48","2023-02-01 00:26:36"
"79","BME280","Home","27.16","80.13","1009.26","2023-02-01 00:56:37"
"80","BME280","Home","26.82","80.45","1008.77","2023-02-01 01:26:37"
"81","BME280","Home","26.67","81.28","1008.51","2023-02-01 01:56:38"
"82","BME280","Home","26.50","81.43","1008.40","2023-02-01 02:26:39"
"83","BME280","Home","26.45","81.47","1008.04","2023-02-01 02:56:39"
"84","BME280","Home","26.53","81.64","1008.04","2023-02-01 03:26:40"
"85","BME280","Home","26.48","82.45","1008.11","2023-02-01 03:56:40"
"86","BME280","Home","26.34","83.42","1008.18","2023-02-01 04:26:41"
"87","BME280","Home","26.17","84.20","1008.26","2023-02-01 04:56:42"
"88","BME280","Home","25.86","85.05","1008.54","2023-02-01 05:26:42"
"89","BME280","Home","25.87","84.51","1008.63","2023-02-01 05:56:43"
"90","BME280","Home","25.91","84.22","1008.95","2023-02-01 06:26:44"
"91","BME280","Home","25.94","83.24","1009.49","2023-02-01 06:56:45"
"92","BME280","Home","26.48","81.24","1009.96","2023-02-01 07:26:45"
"93","BME280","Home","27.31","77.46","1010.41","2023-02-01 07:56:45"
"94","BME280","Home","27.72","76.39","1010.96","2023-02-01 08:26:46"
"95","BME280","Home","28.04","75.80","1011.48","2023-02-01 08:56:46"
"96","BME280","Home","28.58","74.08","1011.66","2023-02-01 09:26:47"
"97","BME280","Home","28.90","72.43","1011.47","2023-02-01 09:56:48"
"98","BME280","Home","27.56","86.02","1011.83","2023-02-03 20:32:28"
"99","BME280","Home","27.71","85.81","1012.41","2023-02-03 21:02:34"
"100","BME280","Home","27.65","87.05","1012.47","2023-02-03 21:32:34"
"101","BME280","Home","27.40","85.68","1012.60","2023-02-03 22:02:34"
"102","BME280","Home","27.26","85.25","1012.43","2023-02-03 22:32:35"
"103","BME280","Home","27.31","86.09","1012.25","2023-02-03 23:02:35"
"104","BME280","Home","27.35","86.66","1011.96","2023-02-03 23:32:36"
"105","BME280","Home","27.22","86.34","1011.67","2023-02-04 00:02:36"
"106","BME280","Home","26.93","88.62","1011.23","2023-02-04 00:32:37"
"107","BME280","Home","26.80","88.76","1010.66","2023-02-04 01:02:38"
"108","BME280","Home","26.67","88.93","1010.37","2023-02-04 01:32:38"
"109","BME280","Home","26.56","88.54","1010.10","2023-02-04 02:02:39"
"110","BME280","Home","26.54","89.13","1009.84","2023-02-04 02:32:40"
"111","BME280","Home","26.29","90.39","1009.54","2023-02-04 03:02:40"
"112","BME280","Home","26.23","91.52","1009.40","2023-02-04 03:32:41"
"113","BME280","Home","26.35","91.52","1009.43","2023-02-04 04:02:41"
"114","BME280","Home","26.28","91.60","1009.54","2023-02-04 04:32:42"
"115","BME280","Home","26.32","91.53","1009.69","2023-02-04 05:02:43"
"116","BME280","Home","26.19","91.95","1009.97","2023-02-04 05:32:43"
"117","BME280","Home","25.91","93.99","1010.26","2023-02-04 06:02:43"
"118","BME280","Home","25.79","94.79","1010.59","2023-02-04 06:32:44"
"119","BME280","Home","26.27","93.46","1010.89","2023-02-04 07:02:45"
"120","BME280","Home","26.74","92.62","1011.29","2023-02-04 07:32:45"
"121","BME280","Home","27.79","89.17","1011.79","2023-02-04 08:02:46"
"122","BME280","Home","28.10","87.42","1011.99","2023-02-04 08:32:46"
"123","BME280","Home","28.02","85.88","1012.42","2023-02-04 09:02:47"
"124","BME280","Home","29.51","79.21","1012.53","2023-02-04 09:32:47"
"125","BME280","Home","30.53","72.53","1012.48","2023-02-04 10:02:48"
"126","BME280","Home","30.86","70.88","1012.29","2023-02-04 10:32:48"
"127","BME280","Home","31.78","65.97","1012.18","2023-02-04 11:02:48"
"128","BME280","Home","31.31","65.71","1011.77","2023-02-04 11:32:49"
"129","BME280","Home","31.40","63.43","1011.38","2023-02-04 12:02:50"
"130","BME280","Home","31.28","58.19","1010.93","2023-02-04 12:32:50"
"131","BME280","Home","31.00","59.94","1010.40","2023-02-04 13:02:51"
"132","BME280","Home","31.24","59.24","1009.86","2023-02-04 13:32:53"
"133","BME280","Home","31.35","58.49","1009.21","2023-02-04 14:02:53"
"134","BME280","Home","31.16","60.75","1008.72","2023-02-04 14:32:53"
"135","BME280","Home","30.98","63.78","1008.61","2023-02-04 15:02:54"
"136","BME280","Home","31.22","63.54","1008.54","2023-02-04 15:32:55"
"137","BME280","Home","30.22","65.62","1008.50","2023-02-04 16:02:55"
"138","BME280","Home","30.04","66.70","1008.63","2023-02-04 16:32:56"
"139","BME280","Home","29.02","72.59","1008.79","2023-02-04 17:02:57"
"140","BME280","Home","28.80","75.40","1008.88","2023-02-04 17:32:57"
"141","BME280","Home","28.22","78.89","1008.98","2023-02-04 18:02:57"
"142","BME280","Home","27.83","80.88","1009.25","2023-02-04 18:32:58"
"143","BME280","Home","27.73","79.00","1009.67","2023-02-04 19:02:58"
"144","BME280","Home","27.61","78.52","1010.38","2023-02-04 19:32:58"
"145","BME280","Home","27.26","80.73","1010.83","2023-02-04 20:02:59"
"146","BME280","Home","27.09","81.81","1011.18","2023-02-04 20:33:00"
"147","BME280","Home","27.03","81.89","1011.54","2023-02-04 21:03:00"
"148","BME280","Home","26.92","81.61","1011.77","2023-02-04 21:33:00"
"149","BME280","Home","26.90","81.86","1011.81","2023-02-04 22:03:01"
"150","BME280","Home","26.78","82.66","1011.77","2023-02-04 22:33:01"
"151","BME280","Home","26.63","82.83","1011.68","2023-02-04 23:03:01"
"152","BME280","Home","26.54","82.79","1011.37","2023-02-04 23:33:02"
"153","BME280","Home","26.57","83.90","1011.00","2023-02-05 00:03:02"
"154","BME280","Home","26.22","84.76","1010.62","2023-02-05 00:33:02"
"155","BME280","Home","26.18","85.35","1010.21","2023-02-05 01:03:03"
"156","BME280","Home","25.92","86.15","1009.90","2023-02-05 01:33:04"
"157","BME280","Home","25.81","87.04","1009.46","2023-02-05 02:03:04"
"158","BME280","Home","25.87","87.19","1009.02","2023-02-05 02:33:04"
"159","BME280","Home","25.48","88.57","1008.67","2023-02-05 03:03:05"
"160","BME280","Home","25.66","86.85","1008.49","2023-02-05 03:33:06"
"161","BME280","Home","25.50","87.52","1008.50","2023-02-05 04:03:06"
"162","BME280","Home","25.26","88.85","1008.57","2023-02-05 04:33:07"
"163","BME280","Home","25.03","92.86","1008.79","2023-02-05 05:03:07"
"164","BME280","Home","25.06","93.43","1008.99","2023-02-05 05:33:08"
"165","BME280","Home","24.75","94.35","1009.29","2023-02-05 06:03:08"
"166","BME280","Home","25.11","92.52","1009.74","2023-02-05 06:33:09"
"167","BME280","Home","25.15","91.84","1010.14","2023-02-05 07:03:10"
"168","BME280","Home","25.87","90.53","1010.63","2023-02-05 07:33:10"
"169","BME280","Home","27.44","84.56","1011.19","2023-02-05 08:03:11"
"170","BME280","Home","27.56","83.33","1011.65","2023-02-05 08:33:11"
"171","BME280","Home","28.42","79.77","1011.91","2023-02-05 09:03:12"
"172","BME280","Home","28.70","77.26","1012.19","2023-02-05 09:33:12"
"173","BME280","Home","29.77","69.39","1012.18","2023-02-05 10:03:13"
"174","BME280","Home","30.09","63.63","1011.93","2023-02-05 10:33:14"
"175","BME280","Home","29.71","59.64","1011.80","2023-02-05 11:03:14"
"176","BME280","Home","30.01","59.85","1011.40","2023-02-05 11:33:15"
"177","BME280","Home","30.32","59.22","1011.11","2023-02-05 12:03:15"
"178","BME280","Home","30.36","60.96","1010.70","2023-02-05 12:33:16"
"179","BME280","Home","30.41","61.97","1010.13","2023-02-05 13:03:17"
"180","BME280","Home","30.66","60.24","1009.70","2023-02-05 13:33:17"
"181","BME280","Home","30.84","58.78","1009.26","2023-02-05 14:03:18"
"182","BME280","Home","30.49","59.66","1008.91","2023-02-05 14:33:19"
"183","BME280","Home","30.32","62.24","1008.90","2023-02-05 15:03:20"
"184","BME280","Home","29.75","65.12","1008.76","2023-02-05 15:33:20"
"185","BME280","Home","29.62","66.02","1008.79","2023-02-05 16:03:20"
"186","BME280","Home","29.61","66.00","1009.01","2023-02-05 16:33:21"
"187","BME280","Home","28.80","68.66","1009.15","2023-02-05 17:03:21"
"188","BME280","Home","28.13","72.58","1009.37","2023-02-05 17:33:22"
"189","BME280","Home","27.72","76.08","1009.65","2023-02-05 18:03:22"
"190","BME280","Home","27.31","77.93","1009.84","2023-02-05 18:33:23"
"191","BME280","Home","27.12","78.57","1010.14","2023-02-05 19:03:24"
"192","BME280","Home","27.01","79.51","1010.69","2023-02-05 19:33:24"
"193","BME280","Home","26.88","80.13","1011.05","2023-02-05 20:03:24"
"194","BME280","Home","26.86","80.48","1011.31","2023-02-05 20:33:25"
"195","BME280","Home","26.80","81.13","1011.70","2023-02-05 21:03:26"
"196","BME280","Home","26.59","82.42","1011.72","2023-02-05 21:33:26"
"197","BME280","Home","26.51","82.33","1011.84","2023-02-05 22:03:27"
"198","BME280","Home","26.60","82.49","1011.78","2023-02-05 22:33:27"
"199","BME280","Home","26.49","83.08","1011.58","2023-02-05 23:03:27"
"200","BME280","Home","26.61","83.07","1011.46","2023-02-05 23:33:28"
"201","BME280","Home","26.27","85.06","1011.38","2023-02-06 00:03:28"
"202","BME280","Home","26.22","85.76","1011.17","2023-02-06 00:33:29"
"203","BME280","Home","26.18","86.27","1010.86","2023-02-06 01:03:29"
"204","BME280","Home","26.16","86.49","1010.53","2023-02-06 01:33:30"
"205","BME280","Home","26.04","87.39","1010.35","2023-02-06 02:03:31"
"206","BME280","Home","25.71","89.52","1010.05","2023-02-06 02:33:31"
"207","BME280","Home","25.37","91.81","1009.89","2023-02-06 03:03:32"
"208","BME280","Home","25.37","92.18","1009.85","2023-02-06 03:33:32"
"209","BME280","Home","25.16","92.52","1009.90","2023-02-06 04:03:32"
"210","BME280","Home","25.13","92.60","1010.00","2023-02-06 04:33:33"
"211","BME280","Home","24.78","94.15","1010.14","2023-02-06 05:03:34"
"212","BME280","Home","24.69","94.57","1010.41","2023-02-06 05:33:34"
"213","BME280","Home","24.65","94.14","1010.64","2023-02-06 06:03:35"
"214","BME280","Home","24.64","93.99","1010.96","2023-02-06 06:33:36"
"215","BME280","Home","24.68","93.80","1011.32","2023-02-06 07:03:36"
"216","BME280","Home","25.91","89.34","1011.64","2023-02-06 07:33:36"
"217","BME280","Home","27.07","85.28","1012.18","2023-02-06 08:03:37"
"218","BME280","Home","27.65","83.77","1012.67","2023-02-06 08:33:38"
"219","BME280","Home","27.95","82.30","1013.04","2023-02-06 09:03:38"
"220","BME280","Home","28.64","76.87","1013.27","2023-02-06 09:33:38"
"221","BME280","Home","29.30","73.34","1013.20","2023-02-06 10:03:39"
"222","BME280","Home","30.18","63.75","1013.06","2023-02-06 10:33:39"
"223","BME280","Home","30.49","66.39","1012.80","2023-02-06 11:03:40"
"224","BME280","Home","30.84","61.94","1012.27","2023-02-06 11:33:41"
"225","BME280","Home","30.88","63.57","1011.83","2023-02-06 12:03:41"
"226","BME280","Home","31.05","61.34","1011.44","2023-02-06 12:33:42"
"227","BME280","Home","31.12","60.79","1010.78","2023-02-06 13:03:43"
"228","BME280","Home","30.65","60.80","1010.03","2023-02-06 13:33:43"
"229","BME280","Home","30.78","63.04","1009.34","2023-02-06 14:03:44"
"230","BME280","Home","30.69","63.26","1009.05","2023-02-06 14:33:44"
"231","BME280","Home","30.55","65.68","1008.73","2023-02-06 15:03:45"
"232","BME280","Home","30.40","67.76","1008.43","2023-02-06 15:33:45"
"233","BME280","Home","30.07","67.88","1008.43","2023-02-06 16:03:46"
"234","BME280","Home","30.38","64.71","1008.47","2023-02-06 16:33:47"
"235","BME280","Home","29.28","68.79","1008.57","2023-02-06 17:03:47"
"236","BME280","Home","28.24","69.86","1008.81","2023-02-06 17:33:48"
"237","BME280","Home","27.59","70.33","1009.13","2023-02-06 18:03:49"
"238","BME280","Home","27.22","78.11","1009.41","2023-02-06 18:33:49"
"239","BME280","Home","27.12","81.64","1009.68","2023-02-06 19:03:50"
"240","BME280","Home","27.06","80.06","1009.91","2023-02-06 19:33:51"
"241","BME280","Home","26.98","84.38","1010.22","2023-02-06 20:03:52"
"242","BME280","Home","26.62","86.71","1010.44","2023-02-06 20:33:52"
"243","BME280","Home","26.58","87.11","1010.80","2023-02-06 21:03:52"
"244","BME280","Home","26.68","87.29","1010.87","2023-02-06 21:33:53"
"245","BME280","Home","26.60","87.40","1010.87","2023-02-06 22:03:53"
"246","BME280","Home","26.55","87.41","1010.96","2023-02-06 22:33:54"
"247","BME280","Home","26.51","87.58","1010.76","2023-02-06 23:03:54"
"248","BME280","Home","26.22","89.95","1010.61","2023-02-06 23:33:55"
"249","BME280","Home","26.15","90.26","1010.55","2023-02-07 00:03:55"
"250","BME280","Home","26.17","90.63","1010.38","2023-02-07 00:33:56"
"251","BME280","Home","25.97","90.65","1010.24","2023-02-07 01:03:56"
"252","BME280","Home","25.92","90.72","1009.99","2023-02-07 01:33:57"
"253","BME280","Home","25.78","91.42","1009.68","2023-02-07 02:03:57"
"254","BME280","Home","25.62","91.96","1009.54","2023-02-07 02:33:59"
"255","BME280","Home","25.73","91.81","1009.37","2023-02-07 03:04:00"
"256","BME280","Home","25.53","92.36","1009.52","2023-02-07 03:34:00"
"257","BME280","Home","25.70","91.65","1009.55","2023-02-07 04:04:01"
"258","BME280","Home","25.17","95.16","1009.78","2023-02-07 04:34:02"
"259","BME280","Home","24.94","96.89","1009.95","2023-02-07 05:04:03"
"260","BME280","Home","24.84","97.54","1010.37","2023-02-07 05:34:04"
"261","BME280","Home","24.89","96.79","1010.84","2023-02-07 06:04:05"
"262","BME280","Home","31.50","59.95","1011.09","2023-02-09 13:15:32"
"263","BME280","Home","31.14","58.70","1011.00","2023-02-09 13:16:19"
"264","BME280","Home","31.31","58.04","1010.60","2023-02-09 13:46:20"
"265","BME280","Home","30.95","56.29","1010.14","2023-02-09 14:16:20"
"266","BME280","Home","31.24","54.96","1009.72","2023-02-09 14:46:20"
"267","BME280","Home","30.73","52.14","1009.59","2023-02-09 15:16:21"
"268","BME280","Home","31.00","53.34","1009.37","2023-02-09 15:46:21"
"269","BME280","Home","30.72","56.83","1009.47","2023-02-09 16:16:21"
"270","BME280","Home","29.66","60.67","1009.69","2023-02-09 16:46:21"
"271","BME280","Home","29.07","66.35","1010.00","2023-02-09 17:16:21"
"272","BME280","Home","28.00","70.62","1010.26","2023-02-09 17:46:21"
"273","BME280","Home","27.49","74.79","1010.74","2023-02-09 18:16:21"
"274","BME280","Home","27.26","77.67","1011.19","2023-02-09 18:46:22"
"275","BME280","Home","27.01","79.37","1011.47","2023-02-09 19:16:22"
"276","BME280","Home","26.73","80.34","1011.92","2023-02-09 19:46:22"
"277","BME280","Home","26.68","79.74","1012.46","2023-02-09 20:16:22"
"278","BME280","Home","26.69","79.76","1012.84","2023-02-09 20:46:22"
"279","BME280","Home","26.66","80.87","1012.99","2023-02-09 21:16:22"
"280","BME280","Home","26.52","81.83","1013.22","2023-02-09 21:46:22"
"281","BME280","Home","26.51","83.62","1013.29","2023-02-09 22:16:22"
"282","BME280","Home","26.31","84.34","1013.16","2023-02-09 22:46:22"
"283","BME280","Home","26.23","85.77","1013.04","2023-02-09 23:16:23"
"284","BME280","Home","26.03","87.21","1012.81","2023-02-09 23:46:23"
"285","BME280","Home","26.01","87.88","1012.51","2023-02-10 00:16:23"
"286","BME280","Home","25.70","89.23","1012.32","2023-02-10 00:46:23"
"287","BME280","Home","25.79","88.83","1012.02","2023-02-10 01:16:23"
"288","BME280","Home","25.29","91.25","1011.77","2023-02-10 01:46:24"
"289","BME280","Home","25.21","91.98","1011.53","2023-02-10 02:16:24"
"290","BME280","Home","25.03","93.10","1011.14","2023-02-10 02:46:24"
"291","BME280","Home","25.17","92.52","1011.05","2023-02-10 03:16:24"
"292","BME280","Home","24.68","94.03","1011.01","2023-02-10 03:46:24"
"293","BME280","Home","24.46","95.31","1011.08","2023-02-10 04:16:24"
"294","BME280","Home","24.28","95.39","1011.28","2023-02-10 04:46:24"
"295","BME280","Home","24.13","96.08","1011.53","2023-02-10 05:16:24"
"296","BME280","Home","24.01","96.58","1011.87","2023-02-10 05:46:24"
"297","BME280","Home","23.80","97.00","1012.12","2023-02-10 06:16:24"
"298","BME280","Home","24.10","95.78","1012.43","2023-02-10 06:46:24"
"299","BME280","Home","24.40","94.83","1012.83","2023-02-10 07:16:25"
"300","BME280","Home","25.11","90.47","1013.20","2023-02-10 07:46:25"
"301","BME280","Home","26.47","85.33","1013.68","2023-02-10 08:16:25"
"302","BME280","Home","27.51","80.34","1014.05","2023-02-10 08:46:25"
"303","BME280","Home","28.49","75.51","1014.41","2023-02-10 09:16:25"
"304","BME280","Home","28.74","67.72","1014.63","2023-02-10 09:46:25"
"305","BME280","Home","30.00","63.14","1014.52","2023-02-10 10:16:25"
"306","BME280","Home","31.00","53.99","1014.15","2023-02-10 10:46:25"
"307","BME280","Home","32.08","46.74","1013.78","2023-02-10 11:16:25"
"308","BME280","Home","32.14","46.80","1013.07","2023-02-10 11:46:25"
"309","BME280","Home","32.34","45.94","1012.55","2023-02-10 12:16:25"
"310","BME280","Home","32.46","37.65","1011.91","2023-02-10 12:46:25"
"311","BME280","Home","32.41","46.08","1011.44","2023-02-10 13:16:25"
"312","BME280","Home","32.08","43.16","1010.86","2023-02-10 13:46:25"
"313","BME280","Home","32.12","46.05","1010.36","2023-02-10 14:16:25"
"314","BME280","Home","32.03","51.78","1010.05","2023-02-10 14:46:25"
"315","BME280","Home","31.55","52.37","1009.81","2023-02-10 15:16:25"
"316","BME280","Home","31.34","55.62","1009.74","2023-02-10 15:46:25"
"317","BME280","Home","30.56","55.48","1009.82","2023-02-10 16:16:25"
"318","BME280","Home","29.88","57.97","1009.90","2023-02-10 16:46:25"
"319","BME280","Home","29.16","60.27","1010.26","2023-02-10 17:16:25"
"320","BME280","Home","28.52","61.73","1010.37","2023-02-10 17:46:25"
"321","BME280","Home","27.78","57.82","1010.63","2023-02-10 18:16:26"
"322","BME280","Home","27.48","62.14","1011.00","2023-02-10 18:46:26"
"323","BME280","Home","27.42","63.06","1011.45","2023-02-10 19:16:26"
"324","BME280","Home","27.20","66.68","1011.95","2023-02-10 19:46:26"
"325","BME280","Home","27.03","69.59","1012.37","2023-02-10 20:16:26"
"326","BME280","Home","26.95","73.22","1012.65","2023-02-10 20:46:26"
"327","BME280","Home","26.83","74.81","1012.90","2023-02-10 21:16:27"
"328","BME280","Home","26.84","76.15","1013.16","2023-02-10 21:46:27"
"329","BME280","Home","26.93","76.39","1013.24","2023-02-10 22:16:27"
"330","BME280","Home","26.52","79.11","1013.26","2023-02-10 22:46:27"
"331","BME280","Home","26.37","80.29","1013.19","2023-02-10 23:16:27"
"332","BME280","Home","26.20","87.75","1012.96","2023-02-10 23:46:27"
"333","BME280","Home","26.13","86.60","1012.58","2023-02-11 00:16:27"
"334","BME280","Home","26.08","85.62","1012.13","2023-02-11 00:46:27"
"335","BME280","Home","25.77","86.79","1011.97","2023-02-11 01:16:27"
"336","BME280","Home","25.72","87.24","1011.73","2023-02-11 01:46:28"
"337","BME280","Home","25.71","88.16","1011.45","2023-02-11 02:16:28"
"338","BME280","Home","25.40","89.49","1011.13","2023-02-11 02:46:28"
"339","BME280","Home","25.29","90.29","1010.94","2023-02-11 03:16:28"
"340","BME280","Home","25.08","90.42","1010.84","2023-02-11 03:46:28"
"341","BME280","Home","24.51","91.13","1010.92","2023-02-11 04:16:28"
"342","BME280","Home","24.55","89.72","1011.01","2023-02-11 04:46:28"
"343","BME280","Home","24.23","89.59","1011.19","2023-02-11 05:16:28"
"344","BME280","Home","24.34","89.63","1011.61","2023-02-11 05:46:28"
"345","BME280","Home","23.95","89.75","1011.97","2023-02-11 06:16:28"
"346","BME280","Home","23.78","88.60","1012.47","2023-02-11 06:46:28"
"347","BME280","Home","24.51","86.78","1012.92","2023-02-11 07:16:28"
"348","BME280","Home","25.52","83.19","1013.18","2023-02-11 07:46:28"
"349","BME280","Home","26.62","78.45","1013.67","2023-02-11 08:16:28"
"350","BME280","Home","27.75","75.85","1014.09","2023-02-11 08:46:28"
"351","BME280","Home","28.45","74.09","1014.35","2023-02-11 09:16:28"
"352","BME280","Home","29.09","72.78","1014.56","2023-02-11 09:46:28"
"353","BME280","Home","30.50","68.83","1014.57","2023-02-11 10:16:28"
"354","BME280","Home","31.66","58.82","1014.20","2023-02-11 10:46:29"
"355","BME280","Home","31.23","61.95","1013.79","2023-02-11 11:16:28"
"356","BME280","Home","31.93","58.03","1013.42","2023-02-11 11:46:29"
"357","BME280","Home","33.88","51.18","1012.82","2023-02-11 12:16:29"
"358","BME280","Home","32.46","54.66","1012.08","2023-02-11 12:46:28"
"359","BME280","Home","32.62","50.81","1011.56","2023-02-11 13:16:28"
"360","BME280","Home","33.10","48.38","1011.13","2023-02-11 13:46:29"
"361","BME280","Home","32.19","48.54","1010.68","2023-02-11 14:16:29"
"362","BME280","Home","32.32","46.22","1010.49","2023-02-11 14:46:29"
"363","BME280","Home","32.31","48.35","1010.34","2023-02-11 15:16:29"
"364","BME280","Home","30.59","54.17","1010.13","2023-02-11 15:46:30"
"365","BME280","Home","30.19","57.36","1010.02","2023-02-11 16:16:30"
"366","BME280","Home","30.11","55.16","1010.19","2023-02-11 16:46:30"
"367","BME280","Home","29.19","62.31","1010.36","2023-02-11 17:16:30"
"368","BME280","Home","28.56","63.95","1010.63","2023-02-11 17:46:30"
"369","BME280","Home","27.88","65.34","1010.93","2023-02-11 18:16:30"
"370","BME280","Home","27.33","69.03","1011.32","2023-02-11 18:46:30"
"371","BME280","Home","27.12","70.03","1011.93","2023-02-11 19:16:30"
"372","BME280","Home","27.00","74.27","1012.32","2023-02-11 19:46:30"
"373","BME280","Home","27.03","77.75","1012.67","2023-02-11 20:16:30"
"374","BME280","Home","26.62","80.61","1012.99","2023-02-11 20:46:30"
"375","BME280","Home","26.63","82.62","1013.16","2023-02-11 21:16:30"
"376","BME280","Home","26.42","84.17","1013.38","2023-02-11 21:46:30"
"377","BME280","Home","26.25","85.87","1013.38","2023-02-11 22:16:30"
"378","BME280","Home","25.71","89.10","1013.33","2023-02-11 22:46:31"
"379","BME280","Home","25.78","89.25","1013.22","2023-02-11 23:16:31"
"380","BME280","Home","25.62","91.77","1013.07","2023-02-11 23:46:31"
"381","BME280","Home","25.43","92.11","1012.75","2023-02-12 00:16:31"
"382","BME280","Home","25.59","92.00","1012.60","2023-02-12 00:46:31"
"383","BME280","Home","25.28","93.45","1012.30","2023-02-12 01:16:31"
"384","BME280","Home","25.30","92.79","1011.92","2023-02-12 01:46:31"
"385","BME280","Home","24.91","94.21","1011.65","2023-02-12 02:16:31"
"386","BME280","Home","24.72","94.01","1011.34","2023-02-12 02:46:31"
"387","BME280","Home","24.35","96.09","1011.14","2023-02-12 03:16:32"
"388","BME280","Home","24.31","96.80","1011.13","2023-02-12 03:46:32"
"389","BME280","Home","23.77","99.31","1011.07","2023-02-12 04:16:32"
"390","BME280","Home","23.72","99.30","1011.22","2023-02-12 04:46:32"
"391","BME280","Home","23.57","99.66","1011.58","2023-02-12 05:16:32"
"392","BME280","Home","23.47","100.00","1012.00","2023-02-12 05:46:32"
"393","BME280","Home","23.60","98.69","1012.34","2023-02-12 06:16:32"
"394","BME280","Home","23.65","95.78","1012.71","2023-02-12 06:46:32"
"395","BME280","Home","24.18","93.46","1013.17","2023-02-12 07:16:32"
"396","BME280","Home","25.19","89.35","1013.46","2023-02-12 07:46:32"
"397","BME280","Home","26.03","84.45","1013.79","2023-02-12 08:16:32"
"398","BME280","Home","26.92","80.54","1014.35","2023-02-12 08:46:32"
"399","BME280","Home","27.60","78.50","1014.58","2023-02-12 09:16:32"
"400","BME280","Home","28.37","76.21","1014.72","2023-02-12 09:46:32"
"401","BME280","Home","29.64","65.90","1014.76","2023-02-12 10:16:32"
"402","BME280","Home","30.61","62.40","1014.41","2023-02-12 10:46:32"
"403","BME280","Home","30.42","59.23","1014.11","2023-02-12 11:16:33"
"404","BME280","Home","31.01","52.81","1013.56","2023-02-12 11:46:33"
"405","BME280","Home","32.27","58.10","1013.01","2023-02-12 12:16:33"
"406","BME280","Home","31.65","57.74","1012.57","2023-02-12 12:46:33"
"407","BME280","Home","31.72","50.54","1012.07","2023-02-12 13:16:36"
"408","BME280","Home","31.84","48.20","1011.39","2023-02-12 13:46:36"
"409","BME280","Home","31.40","51.11","1010.86","2023-02-12 14:16:36"
"410","BME280","Home","31.61","45.27","1010.51","2023-02-12 14:46:36"
"411","BME280","Home","31.75","41.08","1010.37","2023-02-12 15:16:36"
"412","BME280","Home","31.39","40.59","1010.14","2023-02-12 15:46:36"
"413","BME280","Home","30.89","43.40","1010.14","2023-02-12 16:16:37"
"414","BME280","Home","30.45","45.24","1010.32","2023-02-12 16:46:37"
"415","BME280","Home","29.43","49.45","1010.53","2023-02-12 17:16:36"
"416","BME280","Home","28.70","55.66","1010.65","2023-02-12 17:46:37"
"417","BME280","Home","27.61","66.24","1010.97","2023-02-12 18:16:37"
"418","BME280","Home","27.36","71.13","1011.30","2023-02-12 18:46:37"
"419","BME280","Home","26.95","73.65","1011.49","2023-02-12 19:16:38"
"420","BME280","Home","26.74","75.02","1011.90","2023-02-12 19:46:38"
"421","BME280","Home","26.63","75.64","1012.48","2023-02-12 20:16:38"
"422","BME280","Home","26.62","75.99","1012.83","2023-02-12 20:46:38"
"423","BME280","Home","26.55","75.57","1012.92","2023-02-12 21:16:38"
"424","BME280","Home","26.16","77.29","1013.18","2023-02-12 21:46:38"
"425","BME280","Home","25.96","78.11","1013.12","2023-02-12 22:16:39"
"426","BME280","Home","25.67","80.94","1013.16","2023-02-12 22:46:39"
"427","BME280","Home","25.45","84.11","1013.09","2023-02-12 23:16:40"
"428","BME280","Home","25.44","83.83","1012.69","2023-02-12 23:46:39"
"429","BME280","Home","25.40","84.41","1012.40","2023-02-13 00:16:40"
"430","BME280","Home","25.06","86.70","1012.19","2023-02-13 00:46:40"
"431","BME280","Home","25.07","86.82","1011.93","2023-02-13 01:16:40"
"432","BME280","Home","24.83","87.15","1011.66","2023-02-13 01:46:40"
"433","BME280","Home","24.43","88.79","1011.41","2023-02-13 02:16:40"
"434","BME280","Home","24.44","89.24","1011.40","2023-02-13 02:46:40"
"435","BME280","Home","24.17","90.55","1011.22","2023-02-13 03:16:41"
"436","BME280","Home","23.87","91.35","1011.08","2023-02-13 03:46:41"
"437","BME280","Home","23.63","92.17","1011.11","2023-02-13 04:16:41"
"438","BME280","Home","23.50","92.10","1011.14","2023-02-13 04:46:41"
"439","BME280","Home","23.33","92.12","1011.42","2023-02-13 05:16:41"
"440","BME280","Home","23.58","91.30","1011.77","2023-02-13 05:46:41"
"441","BME280","Home","23.36","92.46","1012.11","2023-02-13 06:16:41"
"442","BME280","Home","23.43","91.79","1012.56","2023-02-13 06:46:41"
"443","BME280","Home","23.98","88.85","1013.13","2023-02-13 07:16:41"
"444","BME280","Home","25.03","83.11","1013.50","2023-02-13 07:46:41"
"445","BME280","Home","26.14","72.34","1013.95","2023-02-13 08:16:41"
"446","BME280","Home","27.15","68.70","1014.39","2023-02-13 08:46:42"
"447","BME280","Home","27.91","68.66","1014.78","2023-02-13 09:16:42"
"448","BME280","Home","28.59","64.18","1015.06","2023-02-13 09:46:42"
"449","BME280","Home","30.33","58.50","1014.94","2023-02-13 10:16:42"
"450","BME280","Home","31.05","55.04","1014.44","2023-02-13 10:46:42"
"451","BME280","Home","31.75","51.01","1014.07","2023-02-13 11:16:42"
"452","BME280","Home","31.61","38.89","1013.58","2023-02-13 11:46:42"
"453","BME280","Home","31.78","40.38","1013.07","2023-02-13 12:16:42"
"454","BME280","Home","31.78","42.96","1012.65","2023-02-13 12:46:42"
"455","BME280","Home","31.45","43.17","1012.03","2023-02-13 13:16:42"
"456","BME280","Home","31.02","47.32","1011.45","2023-02-13 13:46:43"
"457","BME280","Home","31.11","49.52","1010.88","2023-02-13 14:16:43"
"458","BME280","Home","31.26","46.75","1010.45","2023-02-13 14:46:43"
"459","BME280","Home","31.21","48.01","1010.16","2023-02-13 15:16:43"
"460","BME280","Home","30.71","52.17","1010.03","2023-02-13 15:46:43"
"461","BME280","Home","30.61","49.91","1010.04","2023-02-13 16:16:43"
"462","BME280","Home","30.06","55.00","1010.27","2023-02-13 16:46:43"
"463","BME280","Home","29.26","55.90","1010.51","2023-02-13 17:16:43"
"464","BME280","Home","28.54","60.11","1010.76","2023-02-13 17:46:43"
"465","BME280","Home","27.89","65.92","1011.06","2023-02-13 18:16:43"
"466","BME280","Home","27.48","71.32","1011.51","2023-02-13 18:46:43"
"467","BME280","Home","27.30","72.16","1011.85","2023-02-13 19:16:43"
"468","BME280","Home","27.27","73.83","1012.35","2023-02-13 19:46:43"
"469","BME280","Home","27.06","73.82","1012.85","2023-02-13 20:16:44"
"470","BME280","Home","27.06","74.60","1013.16","2023-02-13 20:46:44"
"471","BME280","Home","26.92","75.89","1013.37","2023-02-13 21:16:44"
"472","BME280","Home","26.78","76.37","1013.63","2023-02-13 21:46:44"
"473","BME280","Home","26.56","78.84","1013.68","2023-02-13 22:16:44"
"474","BME280","Home","26.61","79.13","1013.65","2023-02-13 22:46:44"
"475","BME280","Home","26.48","81.04","1013.49","2023-02-13 23:16:44"
"476","BME280","Home","26.07","82.84","1013.33","2023-02-13 23:46:44"
"477","BME280","Home","26.09","82.87","1013.17","2023-02-14 00:16:44"
"478","BME280","Home","25.75","85.43","1012.95","2023-02-14 00:46:44"
"479","BME280","Home","25.29","87.55","1012.59","2023-02-14 01:16:44"
"480","BME280","Home","25.32","88.05","1012.26","2023-02-14 01:46:44"
"481","BME280","Home","25.52","87.35","1011.90","2023-02-14 02:16:44"
"482","BME280","Home","24.66","88.62","1011.47","2023-02-14 02:46:45"
"483","BME280","Home","24.38","87.26","1011.32","2023-02-14 03:16:45"
"484","BME280","Home","24.22","88.38","1011.33","2023-02-14 03:46:45"
"485","BME280","Home","23.95","88.92","1011.33","2023-02-14 04:16:45"
"486","BME280","Home","23.76","90.17","1011.56","2023-02-14 04:46:45"
"487","BME280","Home","23.47","89.28","1011.95","2023-02-14 05:16:45"
"488","BME280","Home","23.78","89.08","1012.34","2023-02-14 05:46:45"
"489","BME280","Home","23.67","88.62","1012.74","2023-02-14 06:16:46"
"490","BME280","Home","23.73","88.70","1013.09","2023-02-14 06:46:46"
"491","BME280","Home","24.02","86.06","1013.50","2023-02-14 07:16:46"
"492","BME280","Home","24.91","82.86","1013.94","2023-02-14 07:46:46"
"493","BME280","Home","25.93","79.64","1014.46","2023-02-14 08:16:46"
"494","BME280","Home","26.64","79.05","1014.87","2023-02-14 08:46:47"
"495","BME280","Home","27.67","76.01","1015.14","2023-02-14 09:16:47"
"496","BME280","Home","29.09","71.87","1015.24","2023-02-14 09:46:47"
"497","BME280","Home","29.52","63.64","1015.04","2023-02-14 10:16:47"
"498","BME280","Home","30.37","63.70","1014.77","2023-02-14 10:46:47"
"499","BME280","Home","30.37","61.57","1014.30","2023-02-14 11:16:47"
"500","BME280","Home","31.73","63.67","1013.72","2023-02-14 11:46:47"
"501","BME280","Home","31.49","63.02","1013.24","2023-02-14 12:16:47"
"502","BME280","Home","30.84","62.17","1012.58","2023-02-14 12:46:48"
"503","BME280","Home","30.82","58.36","1012.08","2023-02-14 13:16:48"
"504","BME280","Home","30.82","59.75","1011.53","2023-02-14 13:46:48"
"505","BME280","Home","30.10","62.39","1010.94","2023-02-14 14:16:48"
"506","BME280","Home","30.74","62.56","1010.48","2023-02-14 14:46:48"
"507","BME280","Home","30.43","62.72","1010.18","2023-02-14 15:16:48"
"508","BME280","Home","30.31","62.16","1009.93","2023-02-14 15:46:48"
"509","BME280","Home","29.91","58.28","1009.73","2023-02-14 16:16:48"
"510","BME280","Home","29.50","60.80","1009.71","2023-02-14 16:46:48"
"511","BME280","Home","28.88","54.27","1009.86","2023-02-14 17:16:49"
"512","BME280","Home","28.25","65.01","1010.04","2023-02-14 17:46:49"
"513","BME280","Home","27.67","68.39","1010.38","2023-02-14 18:16:49"
"514","BME280","Home","27.60","71.95","1010.59","2023-02-14 18:46:49"
"515","BME280","Home","27.36","71.88","1010.87","2023-02-14 19:16:49"
"516","BME280","Home","27.04","74.79","1011.29","2023-02-14 19:46:49"
"517","BME280","Home","27.29","74.82","1011.64","2023-02-14 20:16:50"
"518","BME280","Home","26.72","77.47","1011.96","2023-02-14 20:46:50"
"519","BME280","Home","26.60","79.94","1012.22","2023-02-14 21:16:49"
"520","BME280","Home","26.52","78.21","1012.48","2023-02-14 21:46:49"
"521","BME280","Home","26.38","78.60","1012.51","2023-02-14 22:16:49"
"522","BME280","Home","26.41","79.78","1012.44","2023-02-14 22:46:50"
"523","BME280","Home","26.32","81.59","1012.15","2023-02-14 23:16:50"
"524","BME280","Home","26.22","83.40","1011.96","2023-02-14 23:46:50"
"525","BME280","Home","26.14","83.74","1011.72","2023-02-15 00:16:49"
"526","BME280","Home","25.90","85.54","1011.34","2023-02-15 00:46:50"
"527","BME280","Home","25.71","86.76","1010.91","2023-02-15 01:16:50"
"528","BME280","Home","25.54","87.57","1010.57","2023-02-15 01:46:50"
"529","BME280","Home","25.28","89.19","1010.24","2023-02-15 02:16:50"
"530","BME280","Home","25.08","90.00","1009.90","2023-02-15 02:46:50"
"531","BME280","Home","24.52","92.21","1009.62","2023-02-15 03:16:50"
"532","BME280","Home","24.37","90.86","1009.64","2023-02-15 03:46:50"
"533","BME280","Home","24.20","91.55","1009.67","2023-02-15 04:16:50"
"534","BME280","Home","24.20","91.39","1009.82","2023-02-15 04:46:51"
"535","BME280","Home","23.89","93.45","1010.04","2023-02-15 05:16:50"
"536","BME280","Home","23.92","93.03","1010.36","2023-02-15 05:46:50"
"537","BME280","Home","23.74","93.71","1010.82","2023-02-15 06:16:50"
"538","BME280","Home","23.91","93.17","1011.27","2023-02-15 06:46:50"
"539","BME280","Home","24.65","89.61","1011.60","2023-02-15 07:16:51"
"540","BME280","Home","25.21","87.62","1012.17","2023-02-15 07:46:51"
"541","BME280","Home","26.25","82.86","1012.40","2023-02-15 08:16:51"
"542","BME280","Home","27.62","78.07","1012.73","2023-02-15 08:46:51"
"543","BME280","Home","28.55","72.70","1013.30","2023-02-15 09:16:51"
"544","BME280","Home","29.14","70.67","1013.45","2023-02-15 09:46:51"
"545","BME280","Home","29.87","64.91","1013.21","2023-02-15 10:16:51"
"546","BME280","Home","29.91","62.90","1012.83","2023-02-15 10:46:51"
"547","BME280","Home","31.79","56.73","1012.39","2023-02-15 11:16:51"
"548","BME280","Home","31.76","50.84","1011.81","2023-02-15 11:46:51"
"549","BME280","Home","31.97","55.56","1011.26","2023-02-15 12:16:51"
"550","BME280","Home","31.43","57.79","1010.86","2023-02-15 12:46:51"
"551","BME280","Home","31.03","58.97","1010.50","2023-02-15 13:16:51"
"552","BME280","Home","30.93","58.55","1010.05","2023-02-15 13:46:51"
"553","BME280","Home","30.80","58.83","1009.63","2023-02-15 14:16:51"
"554","BME280","Home","30.48","58.33","1009.27","2023-02-15 14:46:51"
"555","BME280","Home","181.29","100.00","-176.12","2023-02-15 15:16:51"
"556","BME280","Home","181.29","100.00","-176.12","2023-02-15 15:46:52"
"557","BME280","Home","181.29","100.00","-176.12","2023-02-15 16:16:52"
"558","BME280","Home","181.29","100.00","-176.12","2023-02-15 16:46:52"
"559","BME280","Home","181.29","100.00","-176.12","2023-02-15 17:16:52"
"560","BME280","Home","28.18","76.49","1009.47","2023-02-15 17:44:03"
"561","BME280","Home","27.78","78.53","1009.80","2023-02-15 18:14:03"
"562","BME280","Home","27.53","78.92","1010.11","2023-02-15 18:44:03"
"563","BME280","Home","27.25","78.75","1010.35","2023-02-15 19:14:03"
"564","BME280","Home","26.98","80.30","1010.63","2023-02-15 19:44:04"
"565","BME280","Home","26.90","81.21","1010.86","2023-02-15 20:14:04"
"566","BME280","Home","26.70","81.78","1011.08","2023-02-15 20:44:04"
"567","BME280","Home","26.55","82.48","1011.24","2023-02-15 21:14:04"
"568","BME280","Home","26.36","82.98","1011.38","2023-02-15 21:44:04"
"569","BME280","Home","26.48","82.50","1011.43","2023-02-15 22:14:04"
"570","BME280","Home","26.23","83.41","1011.60","2023-02-15 22:44:04"
"571","BME280","Home","26.21","83.52","1011.53","2023-02-15 23:14:04"
"572","BME280","Home","26.13","83.39","1011.35","2023-02-15 23:44:04"
"573","BME280","Home","25.92","84.11","1010.98","2023-02-16 00:14:04"
"574","BME280","Home","26.06","84.13","1010.63","2023-02-16 00:44:04"
"575","BME280","Home","25.91","84.62","1010.53","2023-02-16 01:14:04"
"576","BME280","Home","25.76","85.52","1010.21","2023-02-16 01:44:04"
"577","BME280","Home","25.70","86.54","1009.98","2023-02-16 02:14:04"
"578","BME280","Home","25.74","86.28","1009.62","2023-02-16 02:44:05"
"579","BME280","Home","25.41","88.06","1009.62","2023-02-16 03:14:05"
"580","BME280","Home","25.51","88.37","1009.69","2023-02-16 03:44:05"
"581","BME280","Home","25.32","89.46","1009.63","2023-02-16 04:14:05"
"582","BME280","Home","25.38","89.55","1009.59","2023-02-16 04:44:05"
"583","BME280","Home","25.09","91.37","1009.81","2023-02-16 05:14:05"
"584","BME280","Home","24.92","92.85","1010.20","2023-02-16 05:44:05"
"585","BME280","Home","24.47","94.74","1010.51","2023-02-16 06:14:05"
"586","BME280","Home","24.45","94.60","1011.13","2023-02-16 06:44:05"
"587","BME280","Home","25.16","91.44","1011.77","2023-02-16 07:14:05"
"588","BME280","Home","25.70","88.85","1012.32","2023-02-16 07:44:05"
"589","BME280","Home","27.26","82.71","1012.54","2023-02-16 08:14:05"
"590","BME280","Home","181.29","100.00","-176.12","2023-02-16 08:44:05"
"591","BME280","Home","181.29","100.00","-176.12","2023-02-16 09:14:05"
"592","BME280","Home","181.29","100.00","-176.12","2023-02-16 09:44:05"
"593","BME280","Home","181.29","100.00","-176.12","2023-02-16 10:14:05"
"594","BME280","Home","181.29","100.00","-176.12","2023-02-16 10:44:05"
"595","BME280","Home","181.29","100.00","-176.12","2023-02-16 11:14:05"
"596","BME280","Home","181.29","100.00","-176.12","2023-02-16 11:44:05"
"597","BME280","Home","181.29","100.00","-176.12","2023-02-16 12:14:05"
"598","BME280","Home","181.29","100.00","-176.12","2023-02-16 12:44:05"
"599","BME280","Home","181.29","100.00","-176.12","2023-02-16 13:14:05"
"600","BME280","Home","181.29","100.00","-176.12","2023-02-16 13:44:05"
"601","BME280","Home","181.29","100.00","-176.12","2023-02-16 14:14:05"
"602","BME280","Home","181.29","100.00","-176.12","2023-02-16 14:44:05"
"603","BME280","Home","181.29","100.00","-176.12","2023-02-16 15:14:05"
"604","BME280","Home","181.29","100.00","-176.12","2023-02-16 15:44:05"
"605","BME280","Home","181.29","100.00","-176.12","2023-02-16 16:14:05"
"606","BME280","Home","181.29","100.00","-176.12","2023-02-16 16:44:05"
"607","BME280","Home","181.29","100.00","-176.12","2023-02-16 17:14:05"
"608","BME280","Home","181.29","100.00","-176.12","2023-02-16 17:44:05"
"609","BME280","Home","181.29","100.00","-176.12","2023-02-16 18:14:05"
"610","BME280","Home","181.29","100.00","-176.12","2023-02-16 18:44:05"
"611","BME280","Home","181.29","100.00","-176.12","2023-02-16 19:14:05"
"612","BME280","Home","181.29","100.00","-176.12","2023-02-16 19:44:05"
"613","BME280","Home","181.29","100.00","-176.12","2023-02-16 20:14:05"
"614","BME280","Home","181.29","100.00","-176.12","2023-02-16 20:44:05"
"615","BME280","Home","181.29","100.00","-176.12","2023-02-16 21:14:05"
"616","BME280","Home","181.29","100.00","-176.12","2023-02-16 21:44:05"
"617","BME280","Home","181.29","100.00","-176.12","2023-02-16 22:14:05"
"618","BME280","Home","181.29","100.00","-176.12","2023-02-16 22:44:05"
"619","BME280","Home","181.29","100.00","-176.12","2023-02-16 23:14:05"
"620","BME280","Home","181.29","100.00","-176.12","2023-02-16 23:44:05"
"621","BME280","Home","181.29","100.00","-176.12","2023-02-17 00:14:05"
"622","BME280","Home","181.29","100.00","-176.12","2023-02-17 00:44:05"
"623","BME280","Home","181.29","100.00","-176.12","2023-02-17 01:14:05"
"624","BME280","Home","181.29","100.00","-176.12","2023-02-17 01:44:05"
"625","BME280","Home","181.29","100.00","-176.12","2023-02-17 02:14:05"
"626","BME280","Home","181.29","100.00","-176.12","2023-02-17 02:44:05"
"627","BME280","Home","181.29","100.00","-176.12","2023-02-17 03:14:05"
"628","BME280","Home","181.29","100.00","-176.12","2023-02-17 03:44:05"
"629","BME280","Home","181.29","100.00","-176.12","2023-02-17 04:14:05"
"630","BME280","Home","181.29","100.00","-176.12","2023-02-17 04:44:05"
"631","BME280","Home","181.29","100.00","-176.12","2023-02-17 05:14:05"
"632","BME280","Home","181.29","100.00","-176.12","2023-02-17 05:44:05"
"633","BME280","Home","181.29","100.00","-176.12","2023-02-17 06:14:05"
"634","BME280","Home","181.29","100.00","-176.12","2023-02-17 06:44:05"
"635","BME280","Home","181.29","100.00","-176.12","2023-02-17 07:14:05"
"636","BME280","Home","181.29","100.00","-176.12","2023-02-17 07:44:05"
"637","BME280","Home","181.29","100.00","-176.12","2023-02-17 08:14:05"
"638","BME280","Home","181.29","100.00","-176.12","2023-02-17 08:44:06"
"639","BME280","Home","181.29","100.00","-176.12","2023-02-17 09:14:05"
"640","BME280","Home","181.29","100.00","-176.12","2023-02-17 09:44:05"
"641","BME280","Home","181.29","100.00","-176.12","2023-02-17 10:14:05"
"642","BME280","Home","181.29","100.00","-176.12","2023-02-17 10:44:05"
"643","BME280","Home","181.29","100.00","-176.12","2023-02-17 11:14:05"
"644","BME280","Home","181.29","100.00","-176.12","2023-02-17 11:44:06"
"645","BME280","Home","181.29","100.00","-176.12","2023-02-17 12:14:06"
"646","BME280","Home","181.29","100.00","-176.12","2023-02-17 12:44:06"
"647","BME280","Home","181.29","100.00","-176.12","2023-02-17 13:14:06"
"648","BME280","Home","181.29","100.00","-176.12","2023-02-17 13:44:07"
"649","BME280","Home","181.29","100.00","-176.12","2023-02-17 14:14:07"
"650","BME280","Home","181.29","100.00","-176.12","2023-02-17 14:44:07"
"651","BME280","Home","181.29","100.00","-176.12","2023-02-17 15:14:07"
"652","BME280","Home","181.29","100.00","-176.12","2023-02-17 15:44:07"
"653","BME280","Home","181.29","100.00","-176.12","2023-02-17 16:14:07"
"654","BME280","Home","181.29","100.00","-176.12","2023-02-17 16:44:07"
"655","BME280","Home","181.29","100.00","-176.12","2023-02-17 17:14:07"
"656","BME280","Home","181.29","100.00","-176.12","2023-02-17 17:44:07"
"657","BME280","Home","181.29","100.00","-176.12","2023-02-17 18:14:07"
"658","BME280","Home","181.29","100.00","-176.12","2023-02-17 18:44:07"
"659","BME280","Home","181.29","100.00","-176.12","2023-02-17 19:14:07"
"660","BME280","Home","181.29","100.00","-176.12","2023-02-17 19:44:07"
"661","BME280","Home","181.29","100.00","-176.12","2023-02-17 20:14:07"
"662","BME280","Home","181.29","100.00","-176.12","2023-02-17 20:44:08"
"663","BME280","Home","181.29","100.00","-176.12","2023-02-17 21:14:08"
"664","BME280","Home","181.29","100.00","-176.12","2023-02-17 21:44:08"
"665","BME280","Home","181.29","100.00","-176.12","2023-02-17 22:14:08"
"666","BME280","Home","181.29","100.00","-176.12","2023-02-17 22:44:08"
"667","BME280","Home","25.62","84.91","1011.61","2023-02-20 01:42:25"
"668","BME280","Home","25.23","87.42","1011.32","2023-02-20 02:12:25"
"669","BME280","Home","24.77","90.75","1011.11","2023-02-20 02:42:25"
"670","BME280","Home","24.31","95.45","1011.04","2023-02-20 03:12:25"
"671","BME280","Home","24.23","97.17","1011.01","2023-02-20 03:42:25"
"672","BME280","Home","24.42","93.01","1010.97","2023-02-20 04:12:25"
"673","BME280","Home","24.55","92.79","1010.98","2023-02-20 04:42:25"
"674","BME280","Home","24.41","93.06","1011.11","2023-02-20 05:12:26"
"675","BME280","Home","24.71","94.06","1011.54","2023-02-20 05:42:26"
"676","BME280","Home","24.73","92.90","1011.91","2023-02-20 06:12:26"
"677","BME280","Home","24.65","92.47","1012.44","2023-02-20 06:42:26"
"678","BME280","Home","25.20","91.28","1012.99","2023-02-20 07:12:26"
"679","BME280","Home","26.24","86.01","1013.39","2023-02-20 07:42:26"
"680","BME280","Home","26.55","85.26","1013.88","2023-02-20 08:12:27"
"681","BME280","Home","27.09","82.83","1014.27","2023-02-20 08:42:27"
"682","BME280","Home","28.19","74.07","1014.58","2023-02-20 09:12:27"
"683","BME280","Home","28.47","70.84","1014.74","2023-02-20 09:42:27"
"684","BME280","Home","29.13","66.12","1014.53","2023-02-20 10:12:27"
"685","BME280","Home","29.84","63.34","1014.24","2023-02-20 10:42:27"
"686","BME280","Home","29.84","63.62","1013.80","2023-02-20 11:12:27"
"687","BME280","Home","30.43","60.52","1013.36","2023-02-20 11:42:27"
"688","BME280","Home","30.18","57.82","1012.78","2023-02-20 12:12:28"
"689","BME280","Home","31.30","41.73","1012.27","2023-02-20 12:42:28"
"690","BME280","Home","31.01","42.16","1011.80","2023-02-20 13:12:28"
"691","BME280","Home","31.09","44.40","1011.23","2023-02-20 13:42:28"
"692","BME280","Home","31.57","40.99","1010.89","2023-02-20 14:12:28"
"693","BME280","Home","31.50","39.85","1010.51","2023-02-20 14:42:29"
"694","BME280","Home","31.21","39.16","1010.33","2023-02-20 15:12:29"
"695","BME280","Home","31.18","36.30","1010.21","2023-02-20 15:42:29"
"696","BME280","Home","30.64","44.51","1010.17","2023-02-20 16:12:29"
"697","BME280","Home","30.25","49.03","1010.31","2023-02-20 16:42:29"
"698","BME280","Home","29.45","56.34","1010.47","2023-02-20 17:12:29"
"699","BME280","Home","28.72","59.04","1010.52","2023-02-20 17:42:29"
"700","BME280","Home","28.00","62.42","1010.87","2023-02-20 18:12:29"
"701","BME280","Home","27.66","65.58","1011.30","2023-02-20 18:42:29"
"702","BME280","Home","27.46","67.31","1011.60","2023-02-20 19:12:29"
"703","BME280","Home","27.40","69.54","1012.01","2023-02-20 19:42:29"
"704","BME280","Home","27.31","69.17","1012.27","2023-02-20 20:12:29"
"705","BME280","Home","27.19","70.65","1012.54","2023-02-20 20:42:29"
"706","BME280","Home","27.03","70.93","1012.78","2023-02-20 21:12:29"
"707","BME280","Home","27.01","72.51","1012.85","2023-02-20 21:42:29"
"708","BME280","Home","26.69","75.08","1012.98","2023-02-20 22:12:29"
"709","BME280","Home","26.37","79.97","1013.07","2023-02-20 22:42:29"
"710","BME280","Home","26.20","78.42","1013.04","2023-02-20 23:12:29"
"711","BME280","Home","25.95","82.22","1012.89","2023-02-20 23:42:29"
"712","BME280","Home","25.73","83.89","1012.75","2023-02-21 00:12:29"
"713","BME280","Home","25.64","84.76","1012.43","2023-02-21 00:42:29"
"714","BME280","Home","24.77","92.02","1012.03","2023-02-21 01:12:29"
"715","BME280","Home","25.26","87.48","1011.69","2023-02-21 01:42:30"
"716","BME280","Home","24.98","90.67","1011.45","2023-02-21 02:12:30"
"717","BME280","Home","24.95","90.34","1011.26","2023-02-21 02:42:30"
"718","BME280","Home","24.67","91.93","1011.18","2023-02-21 03:12:30"
"719","BME280","Home","24.65","91.49","1011.24","2023-02-21 03:42:30"
"720","BME280","Home","24.96","89.09","1011.23","2023-02-21 04:12:30"
"721","BME280","Home","24.75","88.67","1011.26","2023-02-21 04:42:30"
"722","BME280","Home","24.44","88.08","1011.41","2023-02-21 05:12:30"
"723","BME280","Home","24.47","88.06","1011.81","2023-02-21 05:42:30"
"724","BME280","Home","24.51","87.45","1012.21","2023-02-21 06:12:30"
"725","BME280","Home","24.51","87.26","1012.71","2023-02-21 06:42:30"
"726","BME280","Home","25.21","84.62","1013.18","2023-02-21 07:12:30"
"727","BME280","Home","25.91","81.27","1013.47","2023-02-21 07:42:30"
"728","BME280","Home","26.63","78.55","1013.84","2023-02-21 08:12:30"
"729","BME280","Home","27.20","77.45","1014.08","2023-02-21 08:42:31"
"730","BME280","Home","27.84","75.56","1014.33","2023-02-21 09:12:32"
"731","BME280","Home","28.43","72.80","1014.35","2023-02-21 09:42:32"
"732","BME280","Home","29.79","64.65","1014.39","2023-02-21 10:12:32"
"733","BME280","Home","30.65","59.86","1014.07","2023-02-21 10:42:33"
"734","BME280","Home","31.00","54.55","1013.64","2023-02-21 11:12:33"
"735","BME280","Home","31.86","47.47","1013.13","2023-02-21 11:42:33"
"736","BME280","Home","31.98","43.83","1012.50","2023-02-21 12:12:33"
"737","BME280","Home","32.87","41.37","1011.97","2023-02-21 12:42:33"
"738","BME280","Home","32.56","43.66","1011.50","2023-02-21 13:12:33"
"739","BME280","Home","31.45","43.59","1011.07","2023-02-21 13:42:33"
"740","BME280","Home","31.81","40.76","1010.65","2023-02-21 14:12:33"
"741","BME280","Home","30.95","43.79","1010.36","2023-02-21 14:42:33"
"742","BME280","Home","31.73","38.37","1010.25","2023-02-21 15:12:34"
"743","BME280","Home","31.13","43.25","1010.30","2023-02-21 15:42:34"
"744","BME280","Home","31.10","44.12","1010.31","2023-02-21 16:12:34"
"745","BME280","Home","30.54","50.89","1010.34","2023-02-21 16:42:34"
"746","BME280","Home","30.23","53.90","1010.41","2023-02-21 17:12:34"
"747","BME280","Home","29.32","61.09","1010.65","2023-02-21 17:42:34"
"748","BME280","Home","28.48","68.28","1010.79","2023-02-21 18:12:34"
"749","BME280","Home","28.09","72.92","1011.20","2023-02-21 18:42:34"
"750","BME280","Home","27.89","76.59","1011.51","2023-02-21 19:12:35"
"751","BME280","Home","27.78","80.05","1011.80","2023-02-21 19:42:35"
"752","BME280","Home","27.71","81.22","1012.01","2023-02-21 20:12:35"
"753","BME280","Home","27.53","75.12","1012.49","2023-02-21 20:42:35"
"754","BME280","Home","27.32","77.95","1012.67","2023-02-21 21:12:35"
"755","BME280","Home","27.10","79.31","1012.87","2023-02-21 21:42:35"
"756","BME280","Home","26.95","80.25","1012.94","2023-02-21 22:12:35"
"757","BME280","Home","26.92","80.71","1013.01","2023-02-21 22:42:35"
"758","BME280","Home","26.79","80.40","1012.99","2023-02-21 23:12:35"
"759","BME280","Home","26.41","82.47","1012.76","2023-02-21 23:42:35"
"760","BME280","Home","26.14","84.29","1012.56","2023-02-22 00:12:35"
"761","BME280","Home","26.03","84.87","1012.31","2023-02-22 00:42:36"
"762","BME280","Home","25.98","85.93","1011.94","2023-02-22 01:12:36"
"763","BME280","Home","25.68","87.31","1011.47","2023-02-22 01:42:36"
"764","BME280","Home","25.32","90.68","1011.09","2023-02-22 02:12:36"
"765","BME280","Home","24.77","100.00","1010.87","2023-02-22 02:42:36"
"766","BME280","Home","24.74","95.07","1010.69","2023-02-22 03:12:36"
"767","BME280","Home","24.85","94.79","1010.70","2023-02-22 03:42:36"
"768","BME280","Home","25.02","91.91","1010.76","2023-02-22 04:12:36"
"769","BME280","Home","24.88","92.07","1010.92","2023-02-22 04:42:36"
"770","BME280","Home","24.82","92.29","1010.99","2023-02-22 05:12:36"
"771","BME280","Home","24.63","93.00","1011.20","2023-02-22 05:42:36"
"772","BME280","Home","24.51","93.15","1011.55","2023-02-22 06:12:36"
"773","BME280","Home","24.48","90.97","1011.87","2023-02-22 06:42:36"
"774","BME280","Home","25.30","87.79","1012.15","2023-02-22 07:12:36"
"775","BME280","Home","25.90","85.56","1012.47","2023-02-22 07:42:36"
"776","BME280","Home","26.39","83.44","1012.90","2023-02-22 08:12:37"
"777","BME280","Home","27.61","78.11","1013.23","2023-02-22 08:42:37"
"778","BME280","Home","24.44","87.92","1011.43","2023-02-23 05:20:26"
"779","BME280","Home","24.43","88.81","1011.80","2023-02-23 05:50:26"
"780","BME280","Home","24.43","88.10","1012.09","2023-02-23 06:20:26"
"781","BME280","Home","24.52","86.93","1012.46","2023-02-23 06:50:26"
"782","BME280","Home","24.87","84.63","1012.66","2023-02-23 07:20:26"
"783","BME280","Home","25.30","82.76","1013.07","2023-02-23 07:50:26"
"784","BME280","Home","26.18","79.17","1013.27","2023-02-23 08:20:26"
"785","BME280","Home","27.27","75.19","1013.64","2023-02-23 08:50:27"
"786","BME280","Home","28.23","71.48","1013.71","2023-02-23 09:20:27"
"787","BME280","Home","29.24","67.16","1013.87","2023-02-23 09:50:27"
"788","BME280","Home","29.90","64.40","1013.82","2023-02-23 10:20:27"
"789","BME280","Home","30.94","60.73","1013.59","2023-02-23 10:50:27"
"790","BME280","Home","30.54","60.13","1013.12","2023-02-23 11:20:27"
"791","BME280","Home","30.74","59.49","1012.60","2023-02-23 11:50:27"
"792","BME280","Home","30.94","57.78","1012.05","2023-02-23 12:20:28"
"793","BME280","Home","30.53","58.64","1011.56","2023-02-23 12:50:29"
"794","BME280","Home","31.31","57.77","1011.20","2023-02-23 13:20:29"
"795","BME280","Home","30.96","58.03","1010.55","2023-02-23 13:50:29"
"796","BME280","Home","30.87","58.91","1010.17","2023-02-23 14:20:29"
"797","BME280","Home","30.36","63.26","1009.86","2023-02-23 14:50:29"
"798","BME280","Home","30.66","59.82","1009.64","2023-02-23 15:20:29"
"799","BME280","Home","30.14","62.35","1009.65","2023-02-23 15:50:30"
"800","BME280","Home","30.01","62.45","1009.60","2023-02-23 16:20:30"
"801","BME280","Home","29.58","65.67","1009.73","2023-02-23 16:50:30"
"802","BME280","Home","29.07","67.81","1009.94","2023-02-23 17:20:30"
"803","BME280","Home","28.44","72.16","1010.27","2023-02-23 17:50:31"
"804","BME280","Home","27.88","74.68","1010.56","2023-02-23 18:20:31"
"805","BME280","Home","27.93","74.68","1010.71","2023-02-23 18:50:31"
"806","BME280","Home","27.69","75.39","1010.96","2023-02-23 19:20:31"
"807","BME280","Home","27.65","76.50","1011.41","2023-02-23 19:50:31"
"808","BME280","Home","27.64","76.37","1011.78","2023-02-23 20:20:31"
"809","BME280","Home","27.59","76.70","1012.17","2023-02-23 20:50:31"
"810","BME280","Home","27.54","76.97","1012.45","2023-02-23 21:20:31"
"811","BME280","Home","27.11","78.17","1012.57","2023-02-23 21:50:31"
"812","BME280","Home","26.81","80.56","1012.47","2023-02-23 22:20:32"
"813","BME280","Home","26.67","79.87","1012.47","2023-02-23 22:50:32"
"814","BME280","Home","26.39","81.93","1012.36","2023-02-23 23:20:32"
"815","BME280","Home","26.22","82.00","1012.04","2023-02-23 23:50:32"
"816","BME280","Home","26.01","83.46","1011.70","2023-02-24 00:20:32"
"817","BME280","Home","25.96","83.43","1011.35","2023-02-24 00:50:32"
"818","BME280","Home","25.76","85.66","1011.16","2023-02-24 01:20:32"
"819","BME280","Home","25.38","89.95","1011.01","2023-02-24 01:50:32"
"820","BME280","Home","24.99","96.01","1010.79","2023-02-24 02:20:32"
"821","BME280","Home","181.29","100.00","-176.12","2023-02-24 02:50:37"
"822","BME280","Home","181.29","100.00","-176.12","2023-02-24 03:20:42"
"823","BME280","Home","181.29","100.00","-176.12","2023-02-24 03:50:47"
"824","BME280","Home","181.29","100.00","-176.12","2023-02-24 04:20:52"
"825","BME280","Home","181.29","100.00","-176.12","2023-02-24 04:50:57"
"826","BME280","Home","181.29","100.00","-176.12","2023-02-24 05:21:02"
"827","BME280","Home","181.29","100.00","-176.12","2023-02-24 05:51:07"
"828","BME280","Home","24.54","97.87","1012.12","2023-02-24 06:21:08"
"829","BME280","Home","24.97","95.22","1012.63","2023-02-24 06:51:08"
"830","BME280","Home","25.63","92.03","1013.05","2023-02-24 07:21:08"
"831","BME280","Home","26.18","88.73","1013.60","2023-02-24 07:51:08"
"832","BME280","Home","27.15","84.71","1014.07","2023-02-24 08:21:08"
"833","BME280","Home","28.11","79.74","1014.39","2023-02-24 08:51:08"
"834","BME280","Home","28.86","70.52","1014.67","2023-02-24 09:21:08"
"835","BME280","Home","29.50","66.34","1014.83","2023-02-24 09:51:08"
"836","BME280","Home","29.09","66.17","1014.77","2023-02-24 10:21:08"
"837","BME280","Home","30.16","62.50","1014.58","2023-02-24 10:51:08"
"838","BME280","Home","30.54","60.36","1014.28","2023-02-24 11:21:08"
"839","BME280","Home","30.47","62.14","1013.73","2023-02-24 11:51:09"
"840","BME280","Home","30.51","59.28","1013.16","2023-02-24 12:21:09"
"841","BME280","Home","30.79","61.44","1012.54","2023-02-24 12:51:09"
"842","BME280","Home","31.01","61.64","1011.97","2023-02-24 13:21:09"
"843","BME280","Home","30.35","63.81","1011.64","2023-02-24 13:51:09"
"844","BME280","Home","30.31","63.50","1011.11","2023-02-24 14:21:09"
"845","BME280","Home","30.39","63.89","1010.72","2023-02-24 14:51:09"
"846","BME280","Home","29.98","65.52","1010.50","2023-02-24 15:21:13"
"847","BME280","Home","29.83","65.88","1010.40","2023-02-24 15:51:14"
"848","BME280","Home","29.67","66.28","1010.51","2023-02-24 16:21:14"
"849","BME280","Home","29.35","67.47","1010.76","2023-02-24 16:51:14"
"850","BME280","Home","28.84","69.37","1010.94","2023-02-24 17:21:14"
"851","BME280","Home","28.31","67.79","1011.34","2023-02-24 17:51:14"
"852","BME280","Home","27.82","72.34","1011.74","2023-02-24 18:21:14"
"853","BME280","Home","27.46","73.44","1012.04","2023-02-24 18:51:14"
"854","BME280","Home","27.24","73.26","1012.49","2023-02-24 19:21:14"
"855","BME280","Home","27.06","74.97","1012.88","2023-02-24 19:51:14"
"856","BME280","Home","26.73","75.32","1013.41","2023-02-24 20:21:15"
"857","BME280","Home","26.66","75.20","1013.69","2023-02-24 20:51:15"
"858","BME280","Home","26.46","76.75","1013.92","2023-02-24 21:21:15"
"859","BME280","Home","26.30","78.55","1014.19","2023-02-24 21:51:15"
"860","BME280","Home","181.29","77.66","1014.39","2023-02-24 22:21:16"
"861","BME280","Home","25.80","79.54","1014.40","2023-02-24 22:51:16"
"862","BME280","Home","25.60","80.53","1014.34","2023-02-24 23:21:16"
"863","BME280","Home","25.43","81.88","1014.16","2023-02-24 23:51:16"
"864","BME280","Home","25.37","82.54","1013.88","2023-02-25 00:21:16"
"865","BME280","Home","25.20","83.64","1013.77","2023-02-25 00:51:16"
"866","BME280","Home","25.07","84.60","1013.61","2023-02-25 01:21:16"
"867","BME280","Home","24.96","85.76","1013.35","2023-02-25 01:51:16"
"868","BME280","Home","24.83","86.17","1013.18","2023-02-25 02:21:16"
"869","BME280","Home","181.29","90.84","1013.09","2023-02-25 02:51:17"
"870","BME280","Home","24.43","88.45","1012.92","2023-02-25 03:21:17"
"871","BME280","Home","24.38","89.34","1012.76","2023-02-25 03:51:17"
"872","BME280","Home","24.67","89.78","1012.81","2023-02-25 04:21:17"
"873","BME280","Home","24.54","90.50","1012.90","2023-02-25 04:51:17"
"874","BME280","Home","24.40","89.56","1013.16","2023-02-25 05:21:17"
"875","BME280","Home","23.90","92.88","1013.52","2023-02-25 05:51:18"
"876","BME280","Home","24.26","90.48","1014.00","2023-02-25 06:21:18"
"877","BME280","Home","24.52","90.56","1014.39","2023-02-25 06:51:18"
"878","BME280","Home","25.16","87.73","1014.84","2023-02-25 07:21:18"
"879","BME280","Home","25.87","83.60","1015.01","2023-02-25 07:51:18"
"880","BME280","Home","181.29","80.25","1015.30","2023-02-25 08:21:18"
"881","BME280","Home","181.29","84.64","1015.43","2023-02-25 08:51:18"
"882","BME280","Home","28.18","71.05","1015.65","2023-02-25 09:21:19"
"883","BME280","Home","28.93","67.77","1015.75","2023-02-25 09:51:19"
"884","BME280","Home","29.59","64.97","1015.48","2023-02-25 10:21:19"
"885","BME280","Home","181.29","100.00","-176.12","2023-02-25 10:51:19"
"886","BME280","Home","181.29","63.09","1014.80","2023-02-25 11:21:19"
"887","BME280","Home","181.29","62.87","1014.39","2023-02-25 11:51:19"
